ردیف	شماره کوتاژ	تاریخ کوتاژ	کد تعرفه	شرح کالا	وزن ناخالص	ارزش ریالی کالا	ارزش ارزی اظهارنامه	شماره قبض انبار	محل ارزیابی	مرحله اظهارنامه	حقوق استنباطی گمرک	واریزی اموال تملیکی	وضعیت کالا	تاریخ اعلام به اموال تملیکی	تاریخ خروج کالا  از گمرک توسط اموال تملیکی
1	83439	1398/6/7 10:53:8	42022900	لوازم جانبی موبایل	85	63000000	1500	193119	گمرک کیش	درب خروج	35537460	0	خارج نشده	1401/279997	کالا از گمرک خارج نشده است
2	83984	1401/1/27 14:11:19	76161010	میخ پرچ به مارک TECH	15	3150000	75	1955870	گمرک کیش	درب خروج	8218353	0	خارج نشده	1401/175788	کالا از گمرک خارج نشده است
3	91619	1398/12/4 12:54:56	68138100	لنت ترمز دوچرخه	54	21000000	500	131269	گمرک کیش	درب خروج	21258860	0	خارج نشده	1401/175788	کالا از گمرک خارج نشده است
4	127602	1401/1/22 9:32:30	96140000	قلیان الکترونیک و اسانس	25	229380000	5000	282680	گمرک کیش	درب خروج	848000000	0	خارج نشده	1401/273632	کالا از گمرک خارج نشده است
5	127638	1401/1/22 9:36:7	69074090	سرامیک ابکاری شده با فلز گرانبها	100	3066000000	73000	265896	گمرک کیش	درب خروج	14462069841	0	خارج نشده	1401/273632	کالا از گمرک خارج نشده است
6	127641	1401/1/22 9:35:54	63014000	پتو - روتختی -  حوله	200	36700800	800	274920	گمرک کیش	درب خروج	138240000	0	خارج نشده	1401/175788	کالا از گمرک خارج نشده است
7	127653	1401/1/22 9:35:23	19053100	بیسکویت	50	4200000	100	503070	گمرک کیش	درب خروج	5035000	0	خارج نشده	1401/273632	کالا از گمرک خارج نشده است
8	127662	1401/1/22 9:35:5	84134000	کمپرسور	50	458760000	10000	502795	گمرک کیش	درب خروج	378000000	0	خارج نشده	1401/175788	کالا از گمرک خارج نشده است
9	127665	1401/1/22 8:58:53	32091040	رنگ	2000	581340672	12672	501747	گمرک کیش	درب خروج	1074585600	0	خارج نشده	1401/175788	کالا از گمرک خارج نشده است
10	127690	1401/1/22 9:26:15	87087021	رینگ و لاستیک خودرو	50	18350400	400	254517	گمرک کیش	درب خروج	5725323	0	خارج نشده	1401/273632	کالا از گمرک خارج نشده است
11	127744	1401/1/23 13:57:50	85322510	الکترونیک	1	458760	10	114193	گمرک کیش	درب خروج	344891	0	خارج نشده	11265592	کالا از گمرک خارج نشده است
12	127804	1401/1/23 13:52:58	71049090	نگین زیرکونیوم	20	2100000000	50000	131490	گمرک کیش	درب خروج	2061345010	0	خارج نشده	1401/273632	کالا از گمرک خارج نشده است
13	127810	1401/1/23 13:51:19	85423100	ای سی	1	917520	20	108609	گمرک کیش	درب خروج	742000	0	خارج نشده	11265607	کالا از گمرک خارج نشده است
14	127888	1401/1/23 13:31:49	85340000	برد سوار شده الکترونیک	40	58800000	1400	207644	گمرک کیش	درب خروج	51940000	0	خارج نشده	1401/274665	کالا از گمرک خارج نشده است
15	127967	1401/1/27 8:17:26	84212110	پودر سفید رنگ به مارک MIN TREAT	160	67200000	1600	286428	گمرک کیش	درب خروج	73696001	0	خارج نشده	1401/141558	کالا از گمرک خارج نشده است
16	128189	1401/2/6 16:5:12	83030000	گاو صندوق بصورت مستعمل	25	6300000	150	133659	گمرک کیش	درب خروج	11527500	0	خارج نشده	1401/198129	کالا از گمرک خارج نشده است
17	128261	1401/2/6 8:19:53	21061090	مواد غذایی	400	33600000	800	506630	گمرک کیش	درب خروج	61480000	0	خارج نشده	99/198442	کالا از گمرک خارج نشده است
18	128264	1401/2/9 16:1:2	33030090	کرم به مارک و مشخصه VITAMINE و ادکلن	14	29400000	700	265054	گمرک کیش	درب خروج	14335461	0	خارج نشده	1401/273632	کالا از گمرک خارج نشده است
19	128293	1401/2/9 16:0:37	33074900	اسپری خوشبو کننده به مارک Q  به 150 میل	1500	126000000	3000	276502	گمرک کیش	درب خروج	61437620	0	خارج نشده	1401/175788	کالا از گمرک خارج نشده است
20	128299	1401/2/5 10:34:48	90015090	شیشه عینک	2750	15509340000	369270	199050	گمرک کیش	درب خروج	12369594271	0	خارج نشده	1401/201997	کالا از گمرک خارج نشده است
21	128299	1401/2/5 10:34:48	84818090	شیر (ولو) از جنس پلاستیکی	2618	15509340000	369270	199050	گمرک کیش	درب خروج	12369594271	0	خارج نشده	1401/201997	کالا از گمرک خارج نشده است
22	128305	1401/2/9 10:36:13	85369090	مدار الکترونیکی  به مارک HYG	500	420000000	10000	207180	گمرک کیش	درب خروج	159014000	0	خارج نشده	1401/277767	کالا از گمرک خارج نشده است
23	128317	1401/2/6 16:41:54	85235100	CD  فله به مارک CISCO	2	588000	14	133804	گمرک کیش	درب خروج	482300	0	خارج نشده	1401/273632	کالا از گمرک خارج نشده است
24	128350	1401/2/6 16:19:11	85235100	CD به مارک CISCO	3	840000	20	184808	گمرک کیش	درب خروج	689000	0	خارج نشده	99/1216700	کالا از گمرک خارج نشده است
25	128374	1401/2/6 16:36:19	85235100	CD سی دی	1	294000	7	148259	گمرک کیش	درب خروج	241150	0	خارج نشده	99/1216700	کالا از گمرک خارج نشده است
26	128389	1401/2/7 15:53:0	84733010	کیس کامپیوتر	5	1470000	35	110604	گمرک کیش	درب خروج	2226000	0	خارج نشده	99/1216700	کالا از گمرک خارج نشده است
27	128461	1401/2/9 14:19:16	84833000	یاتاقان	200	126000000	3000	115381	گمرک کیش	درب خروج	111300000	0	خارج نشده	1401/175788	کالا از گمرک خارج نشده است
28	128464	1401/2/9 14:18:32	84833000	یاتاقان	600	378000000	9000	115204	گمرک کیش	درب خروج	333900000	0	خارج نشده	1401/175788	کالا از گمرک خارج نشده است
29	128533	1401/2/7 15:50:44	84733010	کیس کامپیوتر	5	840000	20	111151	گمرک کیش	درب خروج	1272000	0	خارج نشده	11264866	کالا از گمرک خارج نشده است
30	128539	1401/2/7 15:51:47	85369090	قطعات ریز الکترونیک به مارک EVERLIGHT	20	16800000	400	116067	گمرک کیش	درب خروج	25440000	0	خارج نشده	99/198442	کالا از گمرک خارج نشده است
31	128545	1401/2/7 15:52:1	37023100	نوار کوچک دوربین فیلم برداری به مارک exabyte	1	420000	10	113287	گمرک کیش	درب خروج	344500	0	خارج نشده	1401/175788	کالا از گمرک خارج نشده است
32	128563	1401/2/6 16:9:17	85369090	قطعات الکترونیک ریز مارک DNATA	3	2520000	60	152783	گمرک کیش	درب خروج	2226000	0	خارج نشده	99/1216700	کالا از گمرک خارج نشده است
33	128578	1401/2/8 12:7:2	68138100	لنت	50	14700000	350	131269	گمرک کیش	درب خروج	6546360	0	خارج نشده	99/1216700	کالا از گمرک خارج نشده است
34	128608	1401/2/9 14:18:53	84833000	یاتاقان	600	378000000	9000	115380	گمرک کیش	درب خروج	333900000	0	خارج نشده	1401/175788	کالا از گمرک خارج نشده است
35	128626	1401/2/8 12:7:36	65069100	کلاه پلاستیکی مخصوص مراکز استریل	50	8400000	200	132212	گمرک کیش	درب خروج	4485800	0	خارج نشده	1401/175788	کالا از گمرک خارج نشده است
36	128641	1401/2/6 16:55:26	65069100	کلاه پلاستیکی	15	2226000	53	132211	گمرک کیش	درب خروج	5758450	0	خارج نشده	99/1216700	کالا از گمرک خارج نشده است
37	128650	1401/2/7 15:50:31	85012000	موتور  درب برقی به مارک DREOM مدل DA-61	3	1260000	30	111066	گمرک کیش	درب خروج	1113000	0	خارج نشده	99/1216700	کالا از گمرک خارج نشده است
38	128659	1401/2/8 11:58:48	76161010	میخ پرچ به مارک TECH	24	5040000	120	118808	گمرک کیش	درب خروج	2691380	0	خارج نشده	99/1216700	کالا از گمرک خارج نشده است
39	128698	1401/2/7 15:53:44	85369090	قطعات ریز الکترونیک به مارک EVERLIGHT	15	12600000	300	118805	گمرک کیش	درب خروج	19080000	0	خارج نشده	1401/175788	کالا از گمرک خارج نشده است
40	128710	1401/2/5 10:27:47	85113090	کویل	824	22936452000	506100	144381	گمرک کیش	درب خروج	21112951200	0	خارج نشده	1401/175788	کالا از گمرک خارج نشده است
41	128710	1401/2/5 10:27:47	85113030	توزیع کننده برق دلکو	78	22936452000	506100	144381	گمرک کیش	درب خروج	21112951200	0	خارج نشده	1401/175788	کالا از گمرک خارج نشده است
42	128710	1401/2/5 10:27:47	90328990	کامپيوتر مرکزي ECU  CAMPUTER	2964	22936452000	506100	144381	گمرک کیش	درب خروج	21112951200	0	خارج نشده	1401/175788	کالا از گمرک خارج نشده است
43	128710	1401/2/5 10:27:47	73251000	هولدر	160	22936452000	506100	144381	گمرک کیش	درب خروج	21112951200	0	خارج نشده	1401/175788	کالا از گمرک خارج نشده است
44	128746	1401/2/7 15:53:18	85369090	قطعات ریز الکترونیک به مارک EVERLIGHT	24	21000000	500	116072	گمرک کیش	درب خروج	31800000	0	خارج نشده	1401/198090	کالا از گمرک خارج نشده است
45	128761	1401/2/7 15:52:42	84734000	قطعه کامپیوتر بصورت مستعمل	25	6300000	150	112506	گمرک کیش	درب خروج	3577500	0	خارج نشده	1401/175788	کالا از گمرک خارج نشده است
46	128767	1401/2/7 15:52:36	90019000	شیشه عینک به مارک AUVORA	5	6300000	150	104003	گمرک کیش	درب خروج	5565000	0	خارج نشده	99/1216700	کالا از گمرک خارج نشده است
47	128797	1401/3/1 13:54:9	76161010	میخ پرچ به مارک TECH	100	21000000	500	82075090	گمرک کیش	درب خروج	23814002	0	خارج نشده	99/1216700	کالا از گمرک خارج نشده است
48	128821	1401/2/6 16:41:28	85369090	قطعات ریزالکترونیک	4	3360000	80	154811	گمرک کیش	درب خروج	5088000	0	خارج نشده	1401/175788	کالا از گمرک خارج نشده است
49	130818	1401/3/11 8:29:17	84212110	مواد شیمیایی	24000	58441680000	240000	208689	گمرک کیش	درب خروج	8503264450	0	خارج نشده	1401/175788	کالا از گمرک خارج نشده است
50	137255	1401/6/20 18:24:56	84733010	لوازم تجهیزات کنترل کننده بانکی	50	269491000	1000	106502A	گمرک کیش	درب خروج	69717369	0	خارج نشده	1401/175788	کالا از گمرک خارج نشده است
51	143319	1401/11/11 8:9:45	24031100	تنباکو معسل عطر دار2775 عدد تنباکو معسل عطر دار 50 گرمی	150	172032516	556	29959585	گمرک کیش	درب خروج	418222600	0	خارج نشده	1401/1733281	کالا از گمرک خارج نشده است
52	143325	1401/11/11 8:47:13	34053000	پولیش داشبورد خودرو،موادغذایی ،کیف ،روغن خوراکی ،گریس	130	285000000	1000	166178	گمرک کیش	درب خروج	198375000	0	خارج نشده	1401/1733281	کالا از گمرک خارج نشده است
53	143379	1401/11/11 12:6:11	39263000	دستگیره درب و قفل ( مغزی )	70	216600000	760	150872	گمرک کیش	درب خروج	67366100	0	خارج نشده	1401/1733281	کالا از گمرک خارج نشده است
54	143409	1401/11/11 14:17:5	34011140	صابون	400	456000000	1600	224247	گمرک کیش	درب خروج	116964000	0	خارج نشده	1401/1733281	کالا از گمرک خارج نشده است
55	160197	1402/10/27 9:12:28	87042290	کامیونت 2 محور 4 چرخ	6900	27360000000	96000	522904	گمرک کیش	درب خروج	5774280000	0	خارج نشده	1403/294002	کالا از گمرک خارج نشده است
56	164381	1403/2/1 14:53:38	34031910	روغن موتور 4.5 لیتری,روغن موتور 4.5 لیتری,روغن موتور 4.5 لیتری,روغن موتور 4.5 لیتری,روغن موتور 4.5 لیتری,	727.56	198037310.22	652.14	14010031177	گمرک کیش	درب خروج	97462271	0	خارج نشده	1403/168733	کالا از گمرک خارج نشده است
57	167083	1403/3/20 20:56:2	85423100	قطعات الکترونیک	5	213750000	750	111448	گمرک کیش	درب خروج	31780000	0	خارج نشده	1403/660914 ‪1403/05/13ش 9:47	کالا از گمرک خارج نشده است
58	167086	1403/3/20 20:57:5	85365020	لوازم یدکی	10	42750000	150	127754	گمرک کیش	درب خروج	42360000	0	خارج نشده	1403/660984 ‪1403/05/13ش 9:47	کالا از گمرک خارج نشده است
59	167092	1403/3/20 20:57:27	84839000	لوازم یدکی	100	228000000	800	130351	گمرک کیش	درب خروج	33037200	0	خارج نشده	1403/660974 ‪1403/05/13ش 9:50	کالا از گمرک خارج نشده است
60	167101	1403/3/20 20:57:57	39219099	لوازم یدکی	10	14250000	50	131684	گمرک کیش	درب خروج	4855000	0	خارج نشده	1403/661901 ‪1403/05/13ش 9:50	کالا از گمرک خارج نشده است
61	167104	1403/3/20 20:58:6	87042290	ساعت مچی	5	28500000	100	132540	گمرک کیش	درب خروج	4604000	0	خارج نشده	1403/664432 ‪1403/05/13ش 10:32	کالا از گمرک خارج نشده است
62	167107	1403/3/20 20:58:13	91022900	ساعت مچی	10	997500000	3500	135752	گمرک کیش	درب خروج	144539000	0	خارج نشده	1403/663731 ‪1403/05/13ش 11:55	کالا از گمرک خارج نشده است
63	167110	1403/3/20 20:58:28	87042290	ساعت مچی	10	57000000	200	136405	گمرک کیش	درب خروج	9208000	0	خارج نشده	1403/663738 ‪1403/05/13ش 11:56	کالا از گمرک خارج نشده است
64	167113	1403/3/20 20:58:48	87082910	لوازم یدکی	10	99750000	350	137668	گمرک کیش	درب خروج	21097250	0	خارج نشده	1403/663759 ‪1403/05/13ش 11:56	کالا از گمرک خارج نشده است
65	167122	1403/3/20 20:59:15	84433100	پرینتر	5	142500000	500	139901	گمرک کیش	درب خروج	20657000	0	خارج نشده	1403/664433 ‪1403/05/13ش 12:25	کالا از گمرک خارج نشده است
66	167125	1403/3/20 20:59:23	85423100	ای سی	50	2137500000	7500	140796	گمرک کیش	درب خروج	309723800	0	خارج نشده	1403/664442 ‪1403/05/13ش 12:25	کالا از گمرک خارج نشده است
67	167128	1403/3/20 20:59:30	87089929	لوازم یدکی خودرو	50	285000000	1000	142285	گمرک کیش	درب خروج	60850000	0	خارج نشده	1403/664441 ‪1403/05/13ش 12:25	کالا از گمرک خارج نشده است
68	167131	1403/3/20 20:59:37	39219040	بنر	10	14250000	50	142309	گمرک کیش	درب خروج	6496600	0	خارج نشده	1403/664445 ‪1403/05/13ش 12:25	کالا از گمرک خارج نشده است
69	167134	1403/3/20 20:59:46	84798990	ماشین دوخت	10	114000000	400	142365	گمرک کیش	درب خروج	37480000	0	خارج نشده	1403/664448 ‪1403/05/14ش 10:58	کالا از گمرک خارج نشده است
70	167140	1403/3/20 21:0:2	85411000	لوازم کامپیوتر	5	185250000	650	147370	گمرک کیش	درب خروج	26844000	0	خارج نشده	1403/664510 ‪1403/05/13ش 12:25	کالا از گمرک خارج نشده است
71	167149	1403/3/20 21:0:22	85177190	لوازم یدکی انتن بی سیم تاکسی	15	213750000	750	148258	گمرک کیش	درب خروج	33345250	0	خارج نشده	1403/670917 ‪1403/05/13ش 12:28	کالا از گمرک خارج نشده است
72	167158	1403/3/20 21:0:50	85022090	موتور بنزینی	15	256500000	900	150328	گمرک کیش	درب خروج	40017500	0	خارج نشده	1403/664507 ‪1403/05/14ش 10:59	کالا از گمرک خارج نشده است
73	167161	1403/3/20 21:0:58	84137090	پمپ	200	2850000000	10000	151533	گمرک کیش	درب خروج	444750000	0	خارج نشده	1403/664499 ‪1403/05/13ش 12:27	کالا از گمرک خارج نشده است
74	167167	1403/3/20 21:1:13	84314300	لوازم حفاری	15	299250000	1050	154094	گمرک کیش	درب خروج	43392000	0	خارج نشده	1403/664497 ‪1403/05/13ش 12:27	کالا از گمرک خارج نشده است
75	167170	1403/3/20 21:1:22	84839000	لوازم حفاری	10	285000000	1000	154221	گمرک کیش	درب خروج	41340000	0	خارج نشده	1403/664491 ‪1403/05/13ش 12:27	کالا از گمرک خارج نشده است
76	167173	1403/3/20 21:1:31	90015090	دستگاه ماشین الات	50	712500000	2500	156609	گمرک کیش	درب خروج	103600000	0	خارج نشده	1403/664489 ‪1403/05/13ش 12:27	کالا از گمرک خارج نشده است
77	167179	1403/3/20 21:1:45	49011000	تبلیغاتی	20	85500000	300	159115	گمرک کیش	درب خروج	13312000	0	خارج نشده	1403/664483 ‪1403/05/13ش 12:27	کالا از گمرک خارج نشده است
78	167185	1403/3/20 21:1:57	85272900	پخش ماشین و باند	2	128250000	450	160931	گمرک کیش	درب خروج	27190500	0	خارج نشده	1403/670919 ‪1403/05/14ش 10:35	کالا از گمرک خارج نشده است
79	167188	1403/3/20 21:2:4	49011000	تبلیغاتی	15	42750000	150	160938	گمرک کیش	درب خروج	6236000	0	خارج نشده	1403/678843 ‪1403/05/14ش 10:58	کالا از گمرک خارج نشده است
80	167191	1403/3/20 21:2:12	73181190	قطعات یدکی	10	28500000	100	162541	گمرک کیش	درب خروج	9220000	0	خارج نشده	1403/678753 ‪1403/05/14ش 10:36	کالا از گمرک خارج نشده است
81	167194	1403/3/20 21:2:18	87087011	رینگ خودرو	5	57000000	200	164794	گمرک کیش	درب خروج	15245000	0	خارج نشده	1403/678802 ‪1403/05/14ش 10:36	کالا از گمرک خارج نشده است
82	167206	1403/3/20 21:2:36	39239090	تسمه پلاستیکی	10	28500000	100	168171	گمرک کیش	درب خروج	6045000	0	خارج نشده	1403/678809 ‪1403/05/14ش 10:36	کالا از گمرک خارج نشده است
83	167209	1403/3/20 21:2:43	68042290	لوازم	40	85500000	300	169199	گمرک کیش	درب خروج	12412000	0	خارج نشده	1403/679163 ‪1403/05/14ش 10:36	کالا از گمرک خارج نشده است
84	167218	1403/3/20 21:2:58	87032190	موتور چهار چرخ	50	712500000	2500	173055	گمرک کیش	درب خروج	149795000	0	خارج نشده	1403/679174 ‪1403/05/14ش 10:37	کالا از گمرک خارج نشده است
85	167221	1403/3/20 21:3:6	29420090	پودر	20	1710000000	6000	174306	گمرک کیش	درب خروج	387780000	0	خارج نشده	1403/677818 ‪1403/05/14ش 10:39	کالا از گمرک خارج نشده است
86	167224	1403/3/20 21:3:15	73269090	لوازم منزل	10	28500000	100	174996	گمرک کیش	درب خروج	6985000	0	خارج نشده	1403/679177 ‪1403/05/14ش 10:39	کالا از گمرک خارج نشده است
87	167227	1403/3/20 21:3:22	73269090	یدکی	13	71250000	250	175013	گمرک کیش	درب خروج	15962500	0	خارج نشده	1403/679178 ‪1403/05/14ش 10:39	کالا از گمرک خارج نشده است
88	167239	1403/3/20 21:3:56	87149620	لوازم	45	85500000	300	177465	گمرک کیش	درب خروج	13342500	0	خارج نشده	1403/677553 ‪1403/05/14ش 10:45	کالا از گمرک خارج نشده است
89	167242	1403/3/20 21:4:5	85441100	لوازم کامپیوتر	120	273600000	960	187616	گمرک کیش	درب خروج	58456000	0	خارج نشده	1403/678222 ‪1403/05/14ش 10:45	کالا از گمرک خارج نشده است
90	167245	1403/3/20 21:4:13	39231090	لوازم منزل	30	142500000	500	180047	گمرک کیش	درب خروج	30085000	0	خارج نشده	1403/677844 ‪1403/05/14ش 10:46	کالا از گمرک خارج نشده است
91	167248	1403/3/20 21:4:21	82071900	مته دریل	20	570000000	2000	180444	گمرک کیش	درب خروج	88950000	0	خارج نشده	1403/678212 ‪1403/05/14ش 10:46	کالا از گمرک خارج نشده است
92	167263	1403/3/20 21:4:35	82071900	مته دریل	45	712500000	2500	181421	گمرک کیش	درب خروج	111437500	0	خارج نشده	1403/678218 ‪1403/05/14ش 10:47	کالا از گمرک خارج نشده است
93	167266	1403/3/20 21:4:44	82071900	مته دریل	45	570000000	2000	181422	گمرک کیش	درب خروج	89350000	0	خارج نشده	1403/678219 ‪1403/05/14ش 10:47	کالا از گمرک خارج نشده است
94	167272	1403/3/20 21:4:58	70200099	صفحه شیشه ای	45	128250000	450	182462	گمرک کیش	درب خروج	42040000	0	خارج نشده	1403/678518 ‪1403/05/14ش 10:47	کالا از گمرک خارج نشده است
95	167281	1403/3/20 21:5:6	85081900	جارو برقی	20	57000000	200	183424	گمرک کیش	درب خروج	40715000	0	خارج نشده	1403/680516 ‪1403/05/14ش 10:55	کالا از گمرک خارج نشده است
96	167293	1403/3/20 21:5:20	82071900	لوازم	48	712500000	2500	183990	گمرک کیش	درب خروج	111149500	0	خارج نشده	1403/679812 ‪1403/05/14ش 13:23	کالا از گمرک خارج نشده است
97	167296	1403/3/20 21:5:30	82071900	دریل	60	997500000	3500	183991	گمرک کیش	درب خروج	155612500	0	خارج نشده	1403/679165 ‪1403/05/14ش 13:24	کالا از گمرک خارج نشده است
98	167299	1403/3/20 21:5:37	73269090	قطعات الکترونیکی	10	57000000	200	184674	گمرک کیش	درب خروج	8935000	0	خارج نشده	1403/679183 ‪1403/05/14ش 13:24	کالا از گمرک خارج نشده است
99	167305	1403/3/20 21:5:46	84821000	وینچ و لوازم جرثقیل	8	68400000	240	185234	گمرک کیش	درب خروج	10702000	0	خارج نشده	1403/679363 ‪1403/05/14ش 13:24	کالا از گمرک خارج نشده است
100	167308	1403/3/20 21:5:52	84269900	وینچ و لوازم جرثقیل	10000	14250000000	50000	185367	گمرک کیش	درب خروج	2223000000	0	خارج نشده	1403/680021 ‪1403/05/14ش 13:24	کالا از گمرک خارج نشده است
101	167311	1403/3/20 21:6:1	84099190	مته حفاری	200	855000000	3000	185465	گمرک کیش	درب خروج	228375000	0	خارج نشده	1403/680888 ‪1403/05/14ش 13:24	کالا از گمرک خارج نشده است
102	167314	1403/3/20 21:6:9	85234100	لوازم	2	22800000	80	185788	گمرک کیش	درب خروج	16314000	0	خارج نشده	1403/681933 ‪1403/05/14ش 13:24	کالا از گمرک خارج نشده است
103	167320	1403/3/20 21:6:28	46012100	پوشاک	10	14250000	50	187706	گمرک کیش	درب خروج	10146250	0	خارج نشده	1403/680891 ‪1403/05/14ش 13:24	کالا از گمرک خارج نشده است
104	167323	1403/3/20 21:6:36	84821000	لوازم یدکی	80	228000000	800	189921	گمرک کیش	درب خروج	35840000	0	خارج نشده	1403/680893 ‪1403/05/14ش 13:25	کالا از گمرک خارج نشده است
105	167326	1403/3/20 21:6:44	85022090	تایرر و دوچرخه(موتور کوچک بنزینی	20	256500000	900	190183	گمرک کیش	درب خروج	40017500	0	خارج نشده	1403/680897 ‪1403/05/14ش 13:25	کالا از گمرک خارج نشده است
106	167335	1403/3/20 21:6:56	62032200	لباس کار	30	285000	1	192935	گمرک کیش	درب خروج	50872500	0	خارج نشده	1403/681073 ‪1403/05/14ش 13:25	کالا از گمرک خارج نشده است
107	167371	1403/3/20 21:7:15	85234100	لوازم یدکی	2	22800000	80	193232	گمرک کیش	درب خروج	16314000	0	خارج نشده	1403/681936 ‪1403/05/14ش 13:25	کالا از گمرک خارج نشده است
108	167374	1403/3/20 21:7:21	85234100	لوازم	2	22800000	80	193429	گمرک کیش	درب خروج	16314000	0	خارج نشده	1403/681938 ‪1403/05/14ش 13:25	کالا از گمرک خارج نشده است
109	167380	1403/3/20 21:7:39	87042290	یدکی	100	427500000	1500	193692	گمرک کیش	درب خروج	137700000	0	خارج نشده	1403/682123 ‪1403/05/14ش 13:25	کالا از گمرک خارج نشده است
110	167383	1403/3/20 21:7:49	85234100	لوازم	6	42750000	150	194670	گمرک کیش	درب خروج	30638750	0	خارج نشده	1403/682125 ‪1403/05/15ش 10:41	کالا از گمرک خارج نشده است
111	167386	1403/3/20 21:7:56	85234100	لوازم	4	28500000	100	195286	گمرک کیش	درب خروج	20592500	0	خارج نشده	1403/682126 ‪1403/05/15ش 10:42	کالا از گمرک خارج نشده است
112	167392	1403/3/20 21:8:14	91021900	ساعت مچی	50	285000000	1000	198165	گمرک کیش	درب خروج	42040000	0	خارج نشده	1403/682127 ‪1403/05/15ش 10:46	کالا از گمرک خارج نشده است
113	167395	1403/3/20 21:8:22	63023100	پوشاک	10	42750000	150	199331	گمرک کیش	درب خروج	30638750	0	خارج نشده	1403/682199 ‪1403/05/15ش 10:46	کالا از گمرک خارج نشده است
114	167398	1403/3/20 21:8:29	90268090	الکترونیک	200	1710000000	6000	199464	گمرک کیش	درب خروج	247240000	0	خارج نشده	1403/682201 ‪1403/05/15ش 10:46	کالا از گمرک خارج نشده است
115	167401	1403/3/20 21:8:40	39201090	الکترونیک	150	128250000	450	199465	گمرک کیش	درب خروج	20028750	0	خارج نشده	1403/682244 ‪1403/05/15ش 10:51	کالا از گمرک خارج نشده است
116	167413	1403/3/20 21:9:6	73182900	لوارم	30	142500000	500	200637	گمرک کیش	درب خروج	37980500	0	خارج نشده	1403/690785 ‪1403/05/15ش 10:51	کالا از گمرک خارج نشده است
117	167434	1403/3/20 21:10:10	84715010	دی وی دی	50	142500000	500	201486	گمرک کیش	درب خروج	37982500	0	خارج نشده	1403/670317 ‪1403/05/15ش 10:54	کالا از گمرک خارج نشده است
118	167440	1403/3/20 21:10:24	73269090	لوازم	15	57000000	200	203989	گمرک کیش	درب خروج	12970000	0	خارج نشده	1403/670911 ‪1403/05/15ش 10:54	کالا از گمرک خارج نشده است
119	167443	1403/3/20 21:10:31	73269090	لوازم منزل متنوعه	15	28500000	100	204677	گمرک کیش	درب خروج	21092500	0	خارج نشده	1403/670322 ‪1403/05/15ش 10:54	کالا از گمرک خارج نشده است
120	167446	1403/3/20 21:10:36	73269090	لوازم	15	42750000	150	204952	گمرک کیش	درب خروج	7126250	0	خارج نشده	1403/670331 ‪1403/05/15ش 10:54	کالا از گمرک خارج نشده است
121	167461	1403/3/20 21:11:13	39269099	لوازم یدکی	400	570000000	2000	207675	گمرک کیش	درب خروج	89350000	0	خارج نشده	1403/670426 ‪1403/05/15ش 11:09	کالا از گمرک خارج نشده است
122	167467	1403/3/20 21:11:37	85171420	موبایل	30	712500000	2500	208971	گمرک کیش	درب خروج	189812500	0	خارج نشده	1403/670589 ‪1403/05/15ش 11:09	کالا از گمرک خارج نشده است
123	167470	1403/3/20 21:11:44	72199000	حلقه فلزی	10	28500000	100	210254	گمرک کیش	درب خروج	5104000	0	خارج نشده	1403/670593 ‪1403/05/15ش 11:09	کالا از گمرک خارج نشده است
124	167473	1403/3/20 21:11:51	84151010	پوشاک(کولر)	50	228000000	800	211139	گمرک کیش	درب خروج	73960000	0	خارج نشده	1403/670599 ‪1403/05/15ش 11:09	کالا از گمرک خارج نشده است
125	167476	1403/3/20 21:11:58	72286000	میل گرد	5000	4275000000	15000	211295	گمرک کیش	درب خروج	1144875000	0	خارج نشده	1403/670606 ‪1403/05/15ش 11:09	کالا از گمرک خارج نشده است
126	167479	1403/3/20 19:34:46	85411000	لوازم الکترونیک	10000	22800000000	80000	215012	گمرک کیش	درب خروج	3556800000	0	خارج نشده	1403/660912 ‪1403/05/15ش 9:53	کالا از گمرک خارج نشده است
127	167482	1403/3/20 21:12:53	44111499	لوازم یدکی	15	28500000	100	215134	گمرک کیش	درب خروج	5417500	0	خارج نشده	1403/670607 ‪1403/05/15ش 9:54	کالا از گمرک خارج نشده است
128	167488	1403/3/20 21:13:23	87042290	جارو ولوازم	20	22800000	80	219377	گمرک کیش	درب خروج	17074000	0	خارج نشده	1403/670613 ‪1403/05/15ش 10:15	کالا از گمرک خارج نشده است
129	167491	1403/3/20 21:13:32	84183090	فریزر	20	85500000	300	219795	گمرک کیش	درب خروج	61277500	0	خارج نشده	1403/670614 ‪1403/05/15ش 10:16	کالا از گمرک خارج نشده است
130	167494	1403/3/20 21:13:39	40111090	لاستیک	60	51300000	180	220922	گمرک کیش	درب خروج	24187600	0	خارج نشده	1403/670645 ‪1403/05/15ش 10:34	کالا از گمرک خارج نشده است
131	167497	1403/3/20 21:13:47	87042290	اتصالات برق	20	27360000000	96000	220942	گمرک کیش	درب خروج	68672500	0	خارج نشده	1403/670650 ‪1403/05/15ش 10:34	کالا از گمرک خارج نشده است
132	167500	1403/3/20 21:13:56	84089090	موتور خودرو	50	285000000	1000	221126	گمرک کیش	درب خروج	45175000	0	خارج نشده	1403/670830 ‪1403/05/15ش 10:34	کالا از گمرک خارج نشده است
133	167503	1403/3/20 21:14:4	40111090	لاستیک	50	42750000	150	221820	گمرک کیش	درب خروج	20323000	0	خارج نشده	1403/673740 ‪1403/05/15ش 10:34	کالا از گمرک خارج نشده است
134	167506	1403/3/20 21:14:13	40169960	لوازم حفاری	1000	712500000	2500	224408	گمرک کیش	درب خروج	111437500	0	خارج نشده	1403/673736 ‪1403/05/15ش 10:34	کالا از گمرک خارج نشده است
135	167509	1403/3/20 21:14:27	40111090	پوشاک (تایر مستعمل)	20	17100000	60	226679	گمرک کیش	درب خروج	8729200	0	خارج نشده	1403/673739 ‪1403/05/15ش 10:46	کالا از گمرک خارج نشده است
136	167515	1403/3/20 21:14:59	84143090	سگ دست و کمپرسورخودر	5	42750000	150	231689	گمرک کیش	درب خروج	7626250	0	خارج نشده	1403/673742 ‪1403/05/15ش 11:09	کالا از گمرک خارج نشده است
137	167518	1403/3/20 21:15:9	82071900	لوازم حفاری	40	570000000	2000	231999	گمرک کیش	درب خروج	89350000	0	خارج نشده	1403/673754 ‪1403/05/15ش 11:10	کالا از گمرک خارج نشده است
138	167521	1403/3/20 21:15:16	84089090	موتور خودرو	40	228000000	800	232516	گمرک کیش	درب خروج	36340000	0	خارج نشده	1403/673744 ‪1403/05/15ش 11:18	کالا از گمرک خارج نشده است
139	167524	1403/3/20 21:15:25	84313190	جرثقیل و لوازم	10000	4275000000	15000	234473	گمرک کیش	درب خروج	217750000	0	خارج نشده	1403/673746 ‪1403/05/15ش 11:49	کالا از گمرک خارج نشده است
140	167527	1403/3/20 21:15:37	84143090	کمپرسور مستعمل	5	28500000	100	236710	گمرک کیش	درب خروج	5417500	0	خارج نشده	1403/673749 ‪1403/05/15ش 12:12	کالا از گمرک خارج نشده است
141	167530	1403/3/20 21:15:46	87084020	لوازم یدکی	10	142500000	500	236988	گمرک کیش	درب خروج	23087500	0	خارج نشده	1403/673750 ‪1403/05/15ش 12:31	کالا از گمرک خارج نشده است
142	167533	1403/3/20 21:15:52	87042290	گیربکس	30	27360000000	96000	237383	گمرک کیش	درب خروج	661577557	0	خارج نشده	1403/673752 ‪1403/05/15ش 12:31	کالا از گمرک خارج نشده است
143	167536	1403/3/20 21:16:1	84089090	موتور مستعمل	70	427500000	1500	238261	گمرک کیش	درب خروج	67262500	0	خارج نشده	1403/673756 ‪1403/05/15ش 12:31	کالا از گمرک خارج نشده است
144	167539	1403/3/20 21:16:10	84089090	موتور مستعمل خودرو	70	427500000	1500	238293	گمرک کیش	درب خروج	67262500	0	خارج نشده	1403/673758 ‪1403/05/15ش 12:31	کالا از گمرک خارج نشده است
145	167542	1403/3/20 21:16:18	85021390	پوشاکفش کیف موتور شارژی	20	285000000	1000	238362	گمرک کیش	درب خروج	45175000	0	خارج نشده	1403/673759 ‪1403/05/15ش 12:32	کالا از گمرک خارج نشده است
146	167545	1403/3/20 21:16:32	87089929	لوازم یدکی	20	28500000	100	239534	گمرک کیش	درب خروج	5417500	0	خارج نشده	1403/673763 ‪1403/05/15ش 12:39	کالا از گمرک خارج نشده است
147	167548	1403/3/20 21:16:57	84143090	لوازم خودرو	20	28500000	100	241194	گمرک کیش	درب خروج	5417500	0	خارج نشده	1403/673761 ‪1403/05/15ش 13:33	کالا از گمرک خارج نشده است
148	167551	1403/3/20 21:17:8	84089090	موتور مستعمل خودرو	50	427500000	1500	241369	گمرک کیش	درب خروج	67262500	0	خارج نشده	1403/678654 ‪1403/05/15ش 13:34	کالا از گمرک خارج نشده است
149	167560	1403/3/20 21:17:28	55159900	دوره و قالب نیم ساخته عینک	20	142500000	500	246389	گمرک کیش	درب خروج	101462500	0	خارج نشده	1403/678413 ‪1403/05/15ش 13:34	کالا از گمرک خارج نشده است
150	167563	1403/3/20 21:17:34	86090000	کانکس	8000	1710000000	6000	250881	گمرک کیش	درب خروج	250240000	0	خارج نشده	1403/678453 ‪1403/05/15ش 13:50	کالا از گمرک خارج نشده است
151	167566	1403/3/20 21:17:42	84159090	لوازم الکترونیکی	80	142500000	500	251651	گمرک کیش	درب خروج	23087500	0	خارج نشده	1403/678516 ‪1403/05/15ش 13:50	کالا از گمرک خارج نشده است
152	167569	1403/3/20 21:17:50	25140000	سنگ	100	142500000	500	252902	گمرک کیش	درب خروج	38762500	0	خارج نشده	1403/678525 ‪1403/05/15ش 13:50	کالا از گمرک خارج نشده است
153	167572	1403/3/20 21:17:58	88021100	اجزاء و قطعات هلی کوپتر	10000	427500000000	1500000	254745	گمرک کیش	درب خروج	66690000000	0	خارج نشده	1403/678529 ‪1403/05/15ش 13:50	کالا از گمرک خارج نشده است
154	167575	1403/3/20 21:18:4	87087011	لاستیک ورینگ خودرو	10	14250000	50	257553	گمرک کیش	درب خروج	4776250	0	خارج نشده	1403/678691 ‪1403/05/15ش 14:02	کالا از گمرک خارج نشده است
155	167578	1403/3/20 21:18:11	69120013	گلدان شیشه ای	25	142500000	500	260892	گمرک کیش	درب خروج	100462500	0	خارج نشده	1403/678656 ‪1403/05/15ش 14:02	کالا از گمرک خارج نشده است
156	167581	1403/3/20 21:18:18	84189930	لوازم یدکی خودرو	10	114000000	400	263914	گمرک کیش	درب خروج	52528000	0	خارج نشده	1403/678659 ‪1403/05/15ش 14:02	کالا از گمرک خارج نشده است
157	167584	1403/3/20 21:18:24	87087011	لاستیک و رینگ مستعمل	10	142500000	500	263984	گمرک کیش	درب خروج	38762500	0	خارج نشده	1403/678671 ‪1403/05/15ش 14:09	کالا از گمرک خارج نشده است
158	167587	1403/3/20 21:18:30	55159900	البسه	400	2280000000	8000	264473	گمرک کیش	درب خروج	1608400000	0	خارج نشده	1403/678698 ‪1403/05/15ش 14:18	کالا از گمرک خارج نشده است
159	167590	1403/3/20 21:18:40	87141015	لوازم خودرو	10	85500000	300	264700	گمرک کیش	درب خروج	28360000	0	خارج نشده	1403/678687 ‪1403/05/15ش 14:18	کالا از گمرک خارج نشده است
160	167593	1403/3/20 21:18:47	85361010	یدکی	5	142500000	500	270278	گمرک کیش	درب خروج	23087500	0	خارج نشده	1403/678729 ‪1403/05/16ش 7:08	کالا از گمرک خارج نشده است
161	167596	1403/3/20 21:18:56	84089090	موتور دیزل	50	427500000	1500	270527	گمرک کیش	درب خروج	67262500	0	خارج نشده	1403/731745 ‪1403/05/16ش 7:08	کالا از گمرک خارج نشده است
162	167599	1403/3/20 21:19:3	33074900	لوازم منزل	170	171000000	600	277183	گمرک کیش	درب خروج	46315000	0	خارج نشده	1403/678752 ‪1403/05/16ش 7:08	کالا از گمرک خارج نشده است
163	167602	1403/3/20 21:19:11	84089090	یدکی خودرو	40	570000000	2000	283912	گمرک کیش	درب خروج	89350000	0	خارج نشده	1403/678739 ‪1403/05/17ش 8:34	کالا از گمرک خارج نشده است
164	167608	1403/3/20 21:19:27	85319000	تجهیزات مرکزی بی سیم مخابرات	50	285000000	1000	504238	گمرک کیش	درب خروج	41540000	0	خارج نشده	1403/678746 ‪1403/05/17ش 9:04	کالا از گمرک خارج نشده است
165	167617	1403/3/21 8:22:50	85423100	لوازم کامپیوتر	5	213750000	750	147371E	گمرک کیش	درب خروج	45887500	0	خارج نشده	1403/690509 ‪1403/05/17ش 9:03	کالا از گمرک خارج نشده است
166	167620	1403/3/21 8:32:44	40170090	علائم راهنمایی و رانندگی	40	85500000	300	149693E	گمرک کیش	درب خروج	20455000	0	خارج نشده	1403/690524 ‪1403/05/17ش 8:49	کالا از گمرک خارج نشده است
167	167696	1403/3/21 19:1:48	82071900	مته دریل	15	256500000	900	181424	گمرک کیش	درب خروج	40017500	0	خارج نشده	1403/690778 ‪1403/05/17ش 8:49	کالا از گمرک خارج نشده است
168	167699	1403/3/21 19:15:4	55159900	پوشاک	20	142500000	500	185643E	گمرک کیش	درب خروج	101462500	0	خارج نشده	1403/690514 ‪1403/05/17ش 8:49	کالا از گمرک خارج نشده است
169	167723	1403/3/22 10:42:31	87071010	لوازم یدکی	10	142500000	500	130059E	گمرک کیش	درب خروج	30925000	0	خارج نشده	1403/690582 ‪1403/05/17ش 8:52	کالا از گمرک خارج نشده است
170	177755	1403/9/18 8:19:48	84073490	موتور خودرو بنزسواری E300	10	2318169700	7700	1397080100139872/	گمرک کیش	درب خروج	1648259573	0	خارج نشده	1403/1386603 ‪1403/09/20ش 12:31	کالا از گمرک خارج نشده است
171	177758	1403/9/18 8:54:24	88052100	دستگاه شبیه ساز پروازی/کانتینر 40 فوت,	33960	90318601061	300001	1400005132	گمرک کیش	درب خروج	13078133194	0	خارج نشده	1403/1386642 ‪1403/09/20ش 12:33	کالا از گمرک خارج نشده است
172	181252	1403/12/12 11:59:51	87042290	ساعت مچی	10	57000000	200	136405	گمرک کیش	درب خروج	9208000	0	خارج نشده	‪1404/03/12ش 12:48	کالا از گمرک خارج نشده است
173	181258	1403/12/12 12:12:14	91029900	ساعت مچی	0	285000	1	112334	گمرک کیش	درب خروج	1000000	0	خارج نشده	‪1404/03/12ش 12:58	کالا از گمرک خارج نشده است
174	181264	1403/12/12 12:32:25	87042290	ساعت مچی	10	57000000	200	136405	گمرک کیش	درب خروج	9208000	0	خارج نشده	‪1404/03/12ش 12:48	کالا از گمرک خارج نشده است
175	181270	1403/12/12 12:45:6	87042290	ساعت مچی	10	57000000	200	136405	گمرک کیش	درب خروج	9208000	0	خارج نشده	‪1404/03/10ش 10:14	کالا از گمرک خارج نشده است
176	181285	1403/12/12 12:59:50	87042290	ساعت مچی	10	57000000	200	136405	گمرک کیش	درب خروج	9208000	0	خارج نشده	‪1404/03/10ش 10:14	کالا از گمرک خارج نشده است
177	181291	1403/12/12 13:4:52	87042290	ساعت مچی	10	57000000	200	136405	گمرک کیش	درب خروج	9208000	0	خارج نشده	‪1404/03/10ش 10:14	کالا از گمرک خارج نشده است
178	181294	1403/12/12 13:12:37	82051000	مته دریل	0	285000	1	183091	گمرک کیش	درب خروج	581420000	0	خارج نشده	‪1404/03/10ش 10:08	کالا از گمرک خارج نشده است
179	181354	1403/12/13 8:51:48	85044020	لوازم جانبی موبایل	0	285000	1	185392	گمرک کیش	درب خروج	899000	0	خارج نشده	‪1404/03/05ش 11:25	کالا از گمرک خارج نشده است
180	181360	1403/12/13 9:18:31	76161010	میخ پرچ	15	26618490	90	194229	گمرک کیش	درب خروج	7133756	0	خارج نشده	‪1404/03/05ش 11:24	کالا از گمرک خارج نشده است
181	181475	1403/12/14 11:20:33	85322590	خازن IC	2	59831400	200	108608	گمرک کیش	درب خروج	19385374	0	خارج نشده	‪1404/03/05ش 11:24	کالا از گمرک خارج نشده است
182	181478	1403/12/14 11:21:11	85423100	یک کارتن محتوی 78 بسته100 عددی مدار مجتمع IC به مشخصه _x000D_ MOT	2	29915700	100	114517	گمرک کیش	درب خروج	4307861	0	خارج نشده	‪1404/03/05ش 11:24	کالا از گمرک خارج نشده است
183	181521	1403/12/15 8:59:51	90015090	لنز عینک	2	149578500	500	98789	گمرک کیش	درب خروج	21658968	0	خارج نشده	‪1404/03/05ش 11:22	کالا از گمرک خارج نشده است
184	181524	1403/12/15 9:3:15	90015090	1 کارتن  محتوی 10 جعبه هر جعبه حاوی 20 عدد لنزعینک	2	119662800	400	99348	گمرک کیش	درب خروج	17331443	0	خارج نشده	‪1404/03/05ش 11:22	کالا از گمرک خارج نشده است
185	181527	1403/12/15 9:6:22	90015090	1 کارتن  محتوی 10 جعبه هر جعبه حاوی 20 عددلنزعینک	2	119662800	400	99347	گمرک کیش	درب خروج	17331443	0	خارج نشده	‪1404/03/05ش 11:22	کالا از گمرک خارج نشده است
186	181530	1403/12/15 9:8:16	90015090	1 کارتن باز شد محتوی 10 جعبه هر جعبه حاوی 20 عدد لنزعینک	2	119662800	400	100427	گمرک کیش	درب خروج	17331443	0	خارج نشده	‪1404/03/05ش 11:22	کالا از گمرک خارج نشده است
187	181533	1403/12/15 9:9:52	90015090	1 کارتن باز شد محتوی 10 جعبه هر جعبه حاوی 20 عدد لنزعینک	2	119662800	400	100428	گمرک کیش	درب خروج	17331443	0	خارج نشده	‪1404/03/05ش 11:19	کالا از گمرک خارج نشده است
188	181536	1403/12/15 9:11:44	90015090	1 کارتن  محتوی 10 جعبه هر جعبه حاوی 20 عدد لنزعینک	2	119662800	400	99343	گمرک کیش	درب خروج	18231443	0	خارج نشده	‪1404/03/05ش 11:19	کالا از گمرک خارج نشده است
189	181539	1403/12/15 9:13:24	90015090	1 کارتن محتوی 8 جعبه هر جعبه حاوی 20 عددی لنزعینک	2	95730240	320	100426	گمرک کیش	درب خروج	13885155	0	خارج نشده	‪1404/03/05ش 11:18	کالا از گمرک خارج نشده است
190	181542	1403/12/15 9:17:9	90015090	لنز عینک	4	95730240	320	100429	گمرک کیش	درب خروج	13885155	0	خارج نشده	‪1404/03/05ش 11:17	کالا از گمرک خارج نشده است
191	181578	1403/12/15 11:18:15	91029900	ساعت مچی	10	285000	1	112104	گمرک کیش	درب خروج	904729	0	خارج نشده	‪1404/03/05ش 11:17	کالا از گمرک خارج نشده است
192	181581	1403/12/15 11:23:10	91029900	ساعت مچی	10	285000	1	112129	گمرک کیش	درب خروج	899000	0	خارج نشده	‪1404/03/05ش 11:17	کالا از گمرک خارج نشده است
193	182221	1403/12/25 9:31:26	85322590	تعداد 2  کارتن  جمعا16 رول هر رول شامل50عددخازن	5	155690500	500	147810	گمرک کیش	درب خروج	50443724	0	خارج نشده	‪1404/03/05ش 11:17	کالا از گمرک خارج نشده است
194	182227	1403/12/25 9:34:58	85361020	فیوز	3	285000	1	171125	گمرک کیش	درب خروج	899000	0	خارج نشده	‪1404/03/05ش 11:17	کالا از گمرک خارج نشده است
195	182233	1403/12/25 9:47:50	68042290	صفحه سنگ فرز	108	311381000	1000	168766	گمرک کیش	درب خروج	45088864	0	خارج نشده	‪1404/03/05ش 11:13	کالا از گمرک خارج نشده است
196	182257	1403/12/25 10:11:51	85238000	لوح فشرده( CD)	50	46481850	150	172224	گمرک کیش	درب خروج	6730572	0	خارج نشده	‪1404/03/05ش 11:13	کالا از گمرک خارج نشده است
197	182269	1403/12/25 10:27:3	76109010	اجزاءو قطعات سقف کاذب ( پروفیل آلومینیوم)	15	30987900	100	197097	گمرک کیش	درب خروج	4834113	0	خارج نشده	‪1404/03/05ش 11:12	کالا از گمرک خارج نشده است
198	182366	1403/12/25 12:12:24	87149690	سه کارتن که هر کارتن محتوی 20بسته 10 عددی هدست دوچرخه	100	855000000	3000	114219	گمرک کیش	درب خروج	181262000	0	خارج نشده	‪1404/03/05ش 11:12	کالا از گمرک خارج نشده است
199	182378	1403/12/25 12:17:52	91089000	ساعت مچی	3	285000	1	107990	گمرک کیش	درب خروج	899000	0	خارج نشده	‪1404/03/05ش 11:12	کالا از گمرک خارج نشده است
200	182381	1403/12/25 12:20:41	91089000	ساعت مچی	3	285000	1	107992	گمرک کیش	درب خروج	899000	0	خارج نشده	‪1404/03/05ش 11:12	کالا از گمرک خارج نشده است
201	182387	1403/12/25 12:24:52	90015090	یک کارتن محتوی 16 بسته 10 عددی لنزعینک	5	91200000	320	104886	گمرک کیش	درب خروج	29432800	0	خارج نشده	‪1404/03/05ش 11:12	کالا از گمرک خارج نشده است
202	182471	1403/12/25 15:29:31	87141080	زنجیر تایم دوچرخه برند RED STAR	300	929637000	3000	114929	گمرک کیش	درب خروج	249142717	0	خارج نشده	‪1404/03/05ش 10:59	کالا از گمرک خارج نشده است
203	182474	1403/12/25 15:36:2	90015090	لنز عینک	10	247903200	800	99344	گمرک کیش	درب خروج	35898061	0	خارج نشده	‪1404/03/05ش 10:58	کالا از گمرک خارج نشده است
204	182480	1403/12/25 15:38:17	90015090	لنز عینک	10	260298360	840	99345	گمرک کیش	درب خروج	37692963	0	خارج نشده	‪1404/03/05ش 10:57	کالا از گمرک خارج نشده است
205	182483	1403/12/25 15:40:49	90015090	لنز عینک	10	247903200	800	99346	گمرک کیش	درب خروج	35898061	0	خارج نشده	‪1404/03/05ش 10:56	کالا از گمرک خارج نشده است
206	182486	1403/12/25 15:47:25	84649000	دستگاه خش گیر  لنز عینک	25	285000	1	101124	گمرک کیش	درب خروج	1000000	0	خارج نشده	‪1404/03/05ش 10:56	کالا از گمرک خارج نشده است
207	182556	1403/12/26 11:17:30	85423100	مدارمجتمع ic	20	285000	1	114517	گمرک کیش	درب خروج	899000	0	خارج نشده	‪1404/03/05ش 10:54	کالا از گمرک خارج نشده است
208	182559	1403/12/26 11:35:18	87141080	زنجیر تایم دوچرخه برند RED STAR	775	2208750000	7750	115659	گمرک کیش	درب خروج	591945002	0	خارج نشده	‪1404/03/05ش 11:27	کالا از گمرک خارج نشده است
209	183902	1404/2/9 13:11:27	85365020	پریز برق	1	6819590	10	137754	گمرک کیش	درب خروج	2282269	0	خارج نشده	‪1404/03/05ش 8:13	کالا از گمرک خارج نشده است
210	183905	1404/2/9 13:17:6	84159010	هوا ساز	200	6819590000	10000	160166	گمرک کیش	درب خروج	2200268800	0	خارج نشده	‪1404/03/05ش 7:32	کالا از گمرک خارج نشده است
211	183911	1404/2/9 13:30:56	85176210	دستگاه پردازنده 4 گانه تصویر	10	1363918000	2000	118037	گمرک کیش	درب خروج	365638270	0	خارج نشده	‪1404/03/05ش 7:32	کالا از گمرک خارج نشده است
212	183914	1404/2/9 13:34:16	85423100	مدار مجتمع	5	2045877000	3000	112230	گمرک کیش	درب خروج	294606288	0	خارج نشده	‪1404/03/05ش 7:36	کالا از گمرک خارج نشده است
213	183917	1404/2/9 13:42:47	87089329	پروانه پلاستیکی	2	61376310	90	255885	گمرک کیش	درب خروج	43945437	0	خارج نشده	‪1404/03/05ش 7:36	کالا از گمرک خارج نشده است
214	183920	1404/2/9 13:52:53	84145920	فن کامپیوتر	100	34097950000	50000	139294	گمرک کیش	درب خروج	9105103675	0	خارج نشده	‪1404/03/12ش 12:48	کالا از گمرک خارج نشده است
215	183923	1404/2/9 13:56:20	91022900	مدارمجتمع	2	954742600	1400	106962	گمرک کیش	درب خروج	138246728	0	خارج نشده	‪1404/03/05ش 7:37	کالا از گمرک خارج نشده است
216	183926	1404/2/9 14:1:59	91022900	ساعت مچی	2	27278360	40	107991	گمرک کیش	درب خروج	3968083	0	خارج نشده	‪1404/03/05ش 7:37	کالا از گمرک خارج نشده است
217	183929	1404/2/9 14:22:4	85167200	مینی توستر	5	95474260	140	134455	گمرک کیش	درب خروج	52038101	0	خارج نشده	‪1404/03/05ش 7:37	کالا از گمرک خارج نشده است
218	184181	1404/2/15 10:41:36	87083022	لوازم یدکی خودرو	30	681959000	1000	544976	گمرک کیش	درب خروج	485031869	0	خارج نشده	‪1404/03/05ش 7:37	کالا از گمرک خارج نشده است
219	184184	1404/2/15 10:44:36	84073490	موتور خودرو سواری	150	2386856500	3500	542779	گمرک کیش	درب خروج	1697061543	0	خارج نشده	‪1404/03/05ش 7:40	کالا از گمرک خارج نشده است
220	184202	1404/2/15 12:21:20	87084010	گیربکس	60	1022938500	1500	546144	گمرک کیش	درب خروج	727297804	0	خارج نشده	‪1404/03/05ش 7:40	کالا از گمرک خارج نشده است
221	184205	1404/2/15 12:42:19	87084010	گیر بکس	70	1022938500	1500	545564	گمرک کیش	درب خروج	727297804	0	خارج نشده	‪1404/03/05ش 7:40	کالا از گمرک خارج نشده است
222	184208	1404/2/15 12:47:10	84073490	موتور خودرو	150	1022938500	1500	544563	گمرک کیش	درب خروج	735499353	0	خارج نشده	‪1404/03/05ش 7:40	کالا از گمرک خارج نشده است
223	184211	1404/2/15 12:56:24	61099000	پوشاک	300	6819590	10	546215	گمرک کیش	درب خروج	4807812	0	خارج نشده	‪1404/03/05ش 8:13	کالا از گمرک خارج نشده است
224	184217	1404/2/15 13:21:45	87084010	گیربکس	50	1022938500	1500	532406	گمرک کیش	درب خروج	727297804	0	خارج نشده	‪1404/03/05ش 8:13	کالا از گمرک خارج نشده است
225	184220	1404/2/15 13:27:27	84073490	موتورخودرو	150	2386856500	3500	532090	گمرک کیش	درب خروج	1697061543	0	خارج نشده	‪1404/03/05ش 8:13	کالا از گمرک خارج نشده است
226	184223	1404/2/15 13:31:24	87084010	گیر بکس	1	1022938500	1500	531140	گمرک کیش	درب خروج	727297804	0	خارج نشده	‪1404/03/05ش 7:32	کالا از گمرک خارج نشده است
227	184226	1404/2/15 13:34:23	87087021	رینگ	45	2045877000	3000	524361	گمرک کیش	درب خروج	296242988	0	خارج نشده	‪1404/03/04ش 10:38	کالا از گمرک خارج نشده است
228	184230	1404/2/15 13:36:46	84099120	رینگ	15	681959000	1000	529731	گمرک کیش	درب خروج	98747662	0	خارج نشده	‪1404/03/04ش 10:38	کالا از گمرک خارج نشده است
229	184233	1404/2/15 13:41:16	84073490	موتور خودرو سواری	155	2523248300	3700	516803	گمرک کیش	درب خروج	1794067917	0	خارج نشده	‪1404/03/04ش 10:38	کالا از گمرک خارج نشده است
230	184237	1404/2/15 13:45:53	84082090	موتور خودرو	200	2727836000	4000	528601	گمرک کیش	درب خروج	1939527478	0	خارج نشده	‪1404/03/04ش 10:38	کالا از گمرک خارج نشده است
231	184246	1404/2/15 14:54:19	87071010	بدنه خودرو  سواری	500	928465	5	523233	گمرک کیش	درب خروج	4910013048	0	خارج نشده	‪1404/03/04ش 10:37	کالا از گمرک خارج نشده است
232	184255	1404/2/16 7:40:12	87084010	لوازم یدکی خودرو	50	1022938500	1500	523247	گمرک کیش	درب خروج	608648408	0	خارج نشده	‪1404/03/04ش 10:34	کالا از گمرک خارج نشده است
233	184258	1404/2/16 7:44:16	84073490	موتور خودرو	300	2727836000	4000	514582	گمرک کیش	درب خروج	1635003275	0	خارج نشده	‪1404/03/04ش 10:37	کالا از گمرک خارج نشده است
234	184261	1404/2/16 8:17:56	87087011	لاستیک	20	34097950	50	512358	گمرک کیش	درب خروج	20595163	0	خارج نشده	‪1404/03/04ش 10:36	کالا از گمرک خارج نشده است
235	184264	1404/2/16 8:23:45	94012000	لوازم یدکی خودرو	100	340979500	500	514757	گمرک کیش	درب خروج	204617211	0	خارج نشده	‪1404/03/04ش 10:36	کالا از گمرک خارج نشده است
236	184267	1404/2/16 8:26:41	85122010	لوازم یدکی خودرو	25	511469250	750	515417	گمرک کیش	درب خروج	79789202	0	خارج نشده	‪1404/03/04ش 10:36	کالا از گمرک خارج نشده است
237	184270	1404/2/16 8:39:4	38249940	اسپری براق کننده موتور خودرو	10	24550524	36	515794	گمرک کیش	درب خروج	3805331	0	خارج نشده	‪1404/03/04ش 10:35	کالا از گمرک خارج نشده است
238	184363	1404/2/20 8:9:25	84821000	لوازم یدکی خودرو	15	306881550	450	532524	گمرک کیش	درب خروج	49364641	0	خارج نشده	‪1404/03/04ش 10:35	کالا از گمرک خارج نشده است
239	184366	1404/2/20 8:12:16	84073490	موتور خودرو سواری	80	2045877000	3000	539470	گمرک کیش	درب خروج	1218195815	0	خارج نشده	‪1404/03/04ش 10:35	کالا از گمرک خارج نشده است
240	184369	1404/2/20 8:32:32	87088011	لوازم یدکی خودرو	60	818350800	1200	537963	گمرک کیش	درب خروج	487817726	0	خارج نشده	‪1404/03/04ش 10:36	کالا از گمرک خارج نشده است
241	184372	1404/2/20 8:37:19	84073490	موتور خودرو	150	2045877000	3000	534634	گمرک کیش	درب خروج	1218195815	0	خارج نشده	‪1404/03/04ش 10:37	کالا از گمرک خارج نشده است
242	184375	1404/2/20 8:40:15	87116020	دوچرخه شارژی	50	681959000	1000	511279	گمرک کیش	درب خروج	106602645	0	خارج نشده	‪1404/03/04ش 10:38	کالا از گمرک خارج نشده است
243	184378	1404/2/20 8:42:55	84073490	موتور خودرو	150	2386856500	3500	541591	گمرک کیش	درب خروج	1432920473	0	خارج نشده	‪1404/03/04ش 10:39	کالا از گمرک خارج نشده است
244	184384	1404/2/20 8:52:34	84073490	موتور خودرو	150	2455052400	3600	532298	گمرک کیش	درب خروج	1473303914	0	خارج نشده	‪1404/03/04ش 10:40	کالا از گمرک خارج نشده است
245	184393	1404/2/20 9:22:49	87085021	لوازم یدکی خودرو	6	40917540	60	534636	گمرک کیش	درب خروج	26687226	0	خارج نشده	‪1404/03/04ش 10:41	کالا از گمرک خارج نشده است
246	184396	1404/2/20 9:28:42	84073490	موتور خودرو	150	3068815500	4500	523915	گمرک کیش	درب خروج	1841354893	0	خارج نشده	‪1404/03/04ش 10:42	کالا از گمرک خارج نشده است
247	184399	1404/2/20 9:33:59	84073490	موتور خودرو	200	5455672000	8000	528833	گمرک کیش	درب خروج	3273675365	0	خارج نشده	‪1404/03/04ش 10:43	کالا از گمرک خارج نشده است
248	184402	1404/2/20 9:38:13	87085021	لوازم یدکی خودرو	5	68195900	100	534635	گمرک کیش	درب خروج	40576561	0	خارج نشده	‪1404/03/04ش 10:44	کالا از گمرک خارج نشده است
249	184408	1404/2/20 9:41:32	84073490	موتور خودرو	120	2455052400	3600	541608	گمرک کیش	درب خروج	1473303914	0	خارج نشده	‪1404/03/04ش 10:45	کالا از گمرک خارج نشده است
